Prediction,Signal,Target_PnL,Strategy_PnL
0.20655169,0,0.21290162,0.0
0.1881254,0,0.1957204,0.0
0.17836837,0,0.20932046,0.0
0.11271075,0,0.4337517,0.0
0.1078439,0,0.4453165,0.0
0.07283795,0,0.19433482,0.0
0.08128777,0,0.2591094,0.0
0.03565146,0,0.28750184,0.0
0.012741443,0,0.32153168,0.0
-0.0031947382,0,0.53063136,0.0
0.021493794,0,0.53809565,0.0
0.018553266,0,0.4157272,0.0
0.04320451,0,0.39820328,0.0
0.029429931,0,0.37780914,0.0
0.056224357,0,0.38592348,0.0
0.01535059,0,0.3214552,0.0
0.017616753,0,0.2761763,0.0
0.0019669225,0,0.27580062,0.0
0.017377002,0,0.18383475,0.0
-0.019710178,0,0.15686955,0.0
-0.04638259,0,0.13668163,0.0
-0.06338152,0,0.09259705,0.0
-0.028520977,0,0.01576662,0.0
-0.023960592,0,0.0,0.0
-0.001012436,0,0.0,0.0
-0.029440807,0,0.0,0.0
-0.009593846,0,0.0,0.0
-0.0442609,0,0.0,0.0
-0.035280753,0,0.0,0.0
-0.061541364,0,0.0,0.0
-0.049223416,0,0.0,0.0
-0.086312346,0,0.0,0.0
-0.09946755,-1,0.0,-0.006525097779124188
-0.12067456,-1,0.0,0.0
-0.097572654,-1,0.0,0.0
-0.102249265,-1,0.0,0.0
-0.08986592,0,0.0,0.0
-0.109898,-1,0.0,0.0
-0.10046034,-1,0.0,0.0
-0.12165652,-1,0.0,0.0
-0.12549041,-1,0.0,0.0
-0.13199888,-1,0.0,0.0
-0.12071983,-1,-0.7069446,0.0
-0.12883951,-1,-0.73221684,0.0
-0.13098206,-1,-0.750483,0.018702261263808088
-0.14501975,-1,-0.78177917,0.0
-0.13909984,-1,-0.79942554,0.0
-0.14184111,-1,-0.81171376,0.0
-0.12301672,-1,-0.8219228,0.0
-0.11706529,-1,-0.8423707,0.0
-0.108719245,-1,-0.8491966,0.0
-0.117573954,-1,-0.86776596,0.0
-0.1284337,-1,-0.83794004,0.0
-0.12247833,-1,-0.84044117,0.0
-0.10584684,-1,-0.85738647,0.0
-0.098932505,-1,-0.7485175,0.0
-0.09243838,-1,-0.84939694,0.0
-0.11308628,-1,-0.85089993,0.0
-0.10117134,-1,-0.8648001,0.0
-0.116401985,-1,-0.83375967,0.0
-0.0867906,0,-0.83579165,0.0
-0.07967735,0,-0.8439374,0.0
-0.059132453,0,-0.8224248,0.0
-0.06728139,0,-0.80080575,0.0
-0.078940645,0,-0.66945195,0.0
-0.074360065,0,-0.6683659,0.0
-0.062012535,0,-0.6683876,0.0
-0.05770597,0,-0.7111389,0.0
-0.05148273,0,-0.58515394,0.0
-0.079475924,0,-0.6502538,0.0
-0.084066406,0,-0.6346481,0.0
-0.121553324,-1,-0.62485594,0.0
-0.108871005,-1,-0.5902217,0.0
-0.10484109,-1,-0.56002843,0.0
-0.09671819,-1,-0.565102,0.0
-0.10577124,-1,-0.5540104,0.0
-0.12083686,-1,-0.55480486,0.0
-0.10584582,-1,-0.4960907,0.0
-0.09244026,-1,-0.5735324,0.0
-0.06293808,0,-0.61334735,0.0
-0.03767316,0,-0.63730586,0.0
-0.054441176,0,-0.49911195,0.0
-0.063602835,0,-0.603417,0.0
-0.090313286,-1,-0.58723927,0.0
-0.051627375,0,-0.5988982,0.0
-0.027248224,0,-0.5829865,0.0
-0.0032563582,0,-0.5612589,0.0
-0.007994758,0,-0.53252625,0.0
-0.015595485,0,-0.54101264,0.0
0.004117952,0,-0.5052561,0.0
0.014489549,0,-0.5289398,0.0
0.025290307,0,-0.5708096,0.0
0.019869372,0,-0.5938043,0.0
-0.0021452152,0,-0.60436106,0.0
-0.030255977,0,-0.4552373,0.0
-0.06786646,0,-0.43172216,0.0
-0.05372314,0,-0.42158347,0.0
-0.02837222,0,-0.40515023,0.0
-0.0127074625,0,-0.3595997,0.0
-0.012632189,0,-0.23464693,0.0
-0.02821122,0,-0.22267349,0.0
-0.0105837155,0,-0.23312932,0.0
-0.00526257,0,-0.19669777,0.0
0.017214563,0,-0.23060338,0.0
0.019235423,0,-0.22440076,0.0
0.006816089,0,-0.10340312,0.0
-0.019059561,0,-0.109563656,0.0
-0.046742894,0,-0.06452206,0.0
-0.034136478,0,-0.05365222,0.0
-0.00757277,0,-0.049810547,0.0
0.002188615,0,0.0,0.0
0.0030979824,0,0.0,0.0
-0.016057663,0,0.0,0.0
0.0075422497,0,0.0,0.0
0.016538985,0,0.0,0.0
0.037534982,0,0.0,0.0
0.035465393,0,0.0,0.0
0.008775059,0,0.0,0.0
-0.032350652,0,0.0,0.0
-0.06813036,0,0.0,0.0
-0.058428135,0,0.0035426996,0.0
-0.029985327,0,-0.47087073,0.0
-0.02757866,0,0.0,0.0
-0.026407415,0,-0.46512678,0.0
-0.03202819,0,-0.47332954,0.0
0.023947159,0,-0.48169708,0.0
0.034746185,0,-0.49373263,0.0
0.051285014,0,-0.52703506,0.0
0.036652792,0,-0.36868024,0.0
0.015218208,0,-0.42202556,0.0
-0.015412792,0,-0.42575088,0.0
-0.05631072,0,-0.44743928,0.0
-0.02922397,0,-0.4537418,0.0
-0.0069775614,0,-0.3788511,0.0
-0.0061496277,0,-0.40249982,0.0
-0.026796944,0,0.0,0.0
-0.0513853,0,0.0,0.0
0.002646989,0,0.0,0.0
0.011525629,0,-0.4240386,0.0
0.03077036,0,-0.46294692,0.0
-0.010140504,0,-0.45373654,0.0
-0.03674614,0,-0.39744407,0.0
-0.049740665,0,-0.4506022,0.0
-0.055951435,0,0.0,0.0
-0.027587032,0,0.0,0.0
-0.006196042,0,0.0,0.0
-0.0062756496,0,0.0,0.0
-0.010345858,0,0.0,0.0
-0.025248764,0,0.0,0.0
0.032502744,0,0.0,0.0
0.034540217,0,0.0,0.0
0.025225818,0,-0.46800187,0.0
-0.049683128,0,-0.46726832,0.0
-0.080312915,0,-0.5130645,0.0
-0.06965558,0,-0.5414723,0.0
-0.05068268,0,-0.6212641,0.0
-0.023619436,0,-0.6666645,0.0
-0.0105605405,0,-0.6385702,0.0
-0.016973456,0,-0.65888137,0.0
-0.03527462,0,-0.6798771,0.0
-0.06106051,0,-0.59534,0.0
-0.032168973,0,-0.5441698,0.0
-0.008251505,0,-0.5048386,0.0
-0.009963971,0,-0.5326484,0.0
-0.05087241,0,-0.5469659,0.0
-0.08426497,0,-0.5530291,0.0
-0.06215941,0,-0.60141087,0.0
-0.03812139,0,-0.3532982,0.0
0.0062638693,0,-0.30775774,0.0
0.013847748,0,-0.3044061,0.0
0.0076507716,0,-0.3573631,0.0
-0.016806247,0,-0.38260514,0.0
-0.03311903,0,-0.36456814,0.0
-0.00650066,0,-0.36605877,0.0
0.0014428617,0,-0.40232104,0.0
-0.012631487,0,-0.43719035,0.0
-0.06418361,0,-0.46077946,0.0
-0.0950499,-1,-0.4993341,0.01551893680185027
-0.0890497,0,-0.4716769,0.0
-0.07537929,0,-0.41921934,0.0
-0.04805835,0,-0.24675255,0.0
-0.038142126,0,-0.32348818,0.0
-0.034092583,0,-0.36641747,0.0
-0.043362644,0,-0.32873052,0.0
-0.05952431,0,-0.37421533,0.0
-0.051134236,0,-0.30929345,0.0
-0.044069137,0,-0.27235347,0.0
-0.04399558,0,-0.29053846,0.0
-0.06563212,0,-0.21465397,0.0
-0.08643911,0,-0.19836941,0.0
-0.080950186,0,-0.19257274,0.0
-0.06763111,0,0.0,0.0
-0.048400644,0,0.0,0.0
-0.0333771,0,0.0,0.0
-0.025310362,0,0.0,0.0
-0.018355707,0,0.050506778,0.0
-0.01420265,0,0.0,0.0
0.01109756,0,0.0016180902,0.0
0.03137132,0,0.0,0.0
0.022932973,0,0.0,0.0
-0.00722748,0,0.0,0.0
-0.030287046,0,0.0,0.0
-0.020220973,0,0.0,0.0
-0.0018557407,0,0.0,0.0
0.01069258,0,0.0,0.0
0.014637549,0,0.0,0.0
0.014136526,0,0.0,0.0
0.016285263,0,0.0,0.0
0.009653196,0,0.0,0.0
0.020953804,0,0.0,0.0
0.035127632,0,0.0,0.0
0.028043313,0,0.0,0.0
0.013186597,0,0.0,0.0
-0.0064224107,0,0.0,0.0
0.0064745457,0,0.0,0.0
0.022700857,0,0.0,0.0
0.041115243,0,0.0,0.0
0.054624137,0,0.0,0.0
0.05133067,0,0.0,0.0
0.0537946,0,0.0,0.0
0.053735662,0,0.0,0.0
0.08852938,0,0.0,0.0
0.09676115,0,0.0,0.0
0.0941727,0,0.0,0.0
0.068540975,0,0.0,0.0
0.062421054,0,0.0,0.0
0.0810274,0,0.0,0.0
0.08944262,0,0.043635167,0.0
0.11465983,0,0.0359378,0.0
0.10943884,0,0.012313833,0.0
0.099964604,0,0.07687676,0.0
0.07687685,0,0.06559766,0.0
0.07502882,0,0.0,0.0
0.09714906,0,0.0,0.0
0.09673581,0,0.013606786,0.0
0.09788818,0,0.015214813,0.0
0.08493185,0,0.0,0.0
0.093203366,0,0.0,0.0
0.10002748,0,0.0,0.0
0.08843807,0,0.0,0.0
0.09423445,0,0.0,0.0
0.09427085,0,0.0,0.0
0.099020585,0,0.0,0.0
0.08920569,0,-0.12049875,0.0
0.09435725,0,-0.17453465,0.0
0.11920372,0,-0.18853827,0.0
0.1188291,0,-0.19905347,0.0
0.11666973,0,-0.23185769,0.0
0.10753986,0,-0.3151406,0.0
0.11312209,0,-0.2889951,0.0
0.10564137,0,-0.35264972,0.0
0.076967746,0,0.0,0.0
0.0744911,0,0.0,0.0
0.072003566,0,0.0,0.0
0.07662369,0,0.0,0.0
0.062283803,0,0.0,0.0
0.058817536,0,0.0,0.0
0.085331865,0,0.0,0.0
0.0829436,0,0.0,0.0
0.08337958,0,0.0,0.0
0.067709364,0,0.0,0.0
0.0767071,0,-0.3988175,0.0
0.07439272,0,-0.42139265,0.0
0.055424977,0,-0.44063583,0.0
0.06732289,0,-0.44374555,0.0
0.07866718,0,-0.49139687,0.0
0.09433799,0,-0.50447345,0.0
0.09075169,0,-0.53416723,0.0
0.09791523,0,-0.5570396,0.0
0.14555614,0,-0.52996033,0.0
0.14026439,0,-0.58971417,0.0
0.1358911,0,-0.3551251,0.0
0.100917645,0,-0.43446252,0.0
0.10499631,0,-0.44092074,0.0
0.09417999,0,-0.39015064,0.0
0.06745976,0,-0.42438698,0.0
0.07021881,0,-0.44861197,0.0
0.073551975,0,-0.44879863,0.0
0.07866733,0,-0.38636586,0.0
0.06581278,0,-0.4415431,0.0
0.05556507,0,-0.48463982,0.0
0.10036131,0,-0.44592375,0.0
0.10397788,0,-0.44092432,0.0
0.099088304,0,-0.44791523,0.0
0.06545712,0,-0.42365822,0.0
0.07119787,0,-0.51962906,0.0
0.070731014,0,-0.5431507,0.0
0.037703432,0,-0.54935753,0.0
0.029709406,0,-0.42639396,0.0
0.036645148,0,-0.26428092,0.0
0.04178345,0,0.4751356,0.0
0.020687692,0,0.36666244,0.0
0.004681987,0,0.37349966,0.0
0.050496582,0,0.4012623,0.0
0.06251311,0,0.38480294,0.0
0.052477628,0,0.42748195,0.0
0.013969398,0,0.44800127,0.0
0.0072424565,0,0.36080098,0.0
0.012221996,0,0.36395735,0.0
-0.012887079,0,0.3584759,0.0
-0.0072917724,0,0.37975568,0.0
0.004997576,0,0.29901952,0.0
0.0099728,0,0.29171032,0.0
-0.023069428,0,0.33616695,0.0
-0.04844652,0,0.47520536,0.0
-0.019138617,0,0.48634923,0.0
-0.0044760243,0,0.5145352,0.0
-0.014314401,0,0.52754563,0.0
-0.042702544,0,0.4425564,0.0
-0.05333381,0,0.51190704,0.0
-0.054120686,0,0.0,0.0
-0.07434722,0,-0.009614363,0.0
-0.05520442,0,-0.08367341,0.0
-0.044306185,0,-0.057104032,0.0
-0.037226465,0,-0.10049584,0.0
-0.07820878,0,-0.099703275,0.0
-0.09569277,-1,-0.06687124,0.005631166399506817
-0.07678624,0,-0.059091836,0.0
-0.053779192,0,-0.06960123,0.0
-0.053466752,0,-0.07616257,0.0
-0.06931994,0,-0.0639376,0.0
-0.08143378,0,-0.060306277,0.0
-0.086708404,0,-0.07917178,0.0
-0.10184672,-1,-0.122186214,0.0
-0.08114261,0,0.0,0.0
-0.071516916,0,0.0,0.0
-0.0672216,0,0.0,0.0
-0.103184015,-1,0.0,0.0
-0.11495895,-1,0.0,0.0
-0.10192126,-1,0.0,0.0
-0.081137575,0,0.0,0.0
-0.07963989,0,0.0,0.0
-0.08655931,0,0.0,0.0
-0.09407749,-1,0.0,0.0
-0.09886771,-1,0.0,0.0
-0.1115981,-1,0.0,0.0
-0.07136878,0,0.049229406,0.0
-0.03720496,0,0.0,0.0
-0.02374278,0,0.103925385,0.0
-0.054375336,0,0.06109165,0.0
-0.07041362,0,0.07537833,0.0
-0.06581279,0,0.1332112,0.0
-0.064722374,0,0.16272712,0.0
-0.0771951,0,0.13135773,0.0
-0.078168616,0,0.12888615,0.0
-0.08390803,0,0.17539074,0.0
-0.08399407,0,0.12549451,0.0
-0.09164082,-1,0.07354765,0.0
-0.027406083,0,0.08505057,0.0
0.019617172,0,0.20983097,0.0
0.03582904,0,0.2607868,0.0
-0.017854651,0,0.27995083,0.0
-0.027759427,0,0.17150514,0.0
-0.03050885,0,0.09644887,0.0
-0.04092134,0,0.10012687,0.0
-0.073942006,0,0.17188764,0.0
-0.080545224,0,0.14059348,0.0
-0.072088175,0,0.1139095,0.0
-0.06123019,0,0.06386651,0.0
-0.061153162,0,0.019715695,0.0
0.0044590905,0,0.0,0.0
0.041746225,0,0.0,0.0
0.06728583,0,-0.018106129,0.0
0.030515501,0,-0.052937366,0.0
0.029931432,0,-0.11252291,0.0
0.042036574,0,-0.13473117,0.0
0.0248038,0,-0.15368739,0.0
0.009852196,0,-0.18561456,0.0
-0.016836971,0,-0.18138014,0.0
-0.00059250963,0,-0.22253789,0.0
-0.02727862,0,-0.24167065,0.0
-0.053179227,0,-0.24816725,0.0
-0.032721367,0,-0.2743752,0.0
0.00724167,0,-0.31604606,0.0
0.03607091,0,-0.3599443,0.0
0.0196853,0,-0.43959475,0.0
0.02364469,0,-0.6605619,0.0
0.032601554,0,-0.68650115,0.0
0.0033437696,0,-0.73649436,0.0
-0.012233607,0,-0.729951,0.0
-0.020316342,0,-0.7511486,0.0
0.009639727,0,-0.7671487,0.0
-0.0050921454,0,-0.7778316,0.0
0.0016059311,0,-0.6747359,0.0
0.022842731,0,-0.6385785,0.0
0.0640769,0,-0.6066902,0.0
0.06926743,0,-0.5973386,0.0
0.06728862,0,-0.5833393,0.0
0.07344808,0,-0.5231453,0.0
0.0702786,0,-0.54289836,0.0
0.02002622,0,-0.5824596,0.0
-0.007753773,0,-0.5632742,0.0
-0.0014023762,0,-0.5467777,0.0
0.029637491,0,-0.530203,0.0
0.0030839473,0,-0.43604115,0.0
0.0099504655,0,-0.4380361,0.0
0.02194844,0,-0.46569753,0.0
0.06412645,0,-0.5075471,0.0
0.0466481,0,-0.5084276,0.0
0.02465152,0,-0.533191,0.0
0.008297033,0,-0.55906665,0.0
-0.000407245,0,-0.31780967,0.0
-0.033710666,0,-0.4104574,0.0
-0.044505317,0,-0.39118728,0.0
-0.048244387,0,-0.4181849,0.0
-0.05197493,0,-0.38658473,0.0
-0.1032932,-1,-0.38963354,0.0
-0.12268277,-1,-0.43414047,0.0
-0.10094528,-1,-0.44917652,0.0
-0.062409356,0,-0.44952542,0.0
-0.05361038,0,-0.4103157,0.0
-0.06645407,0,-0.35983923,0.0
-0.060419522,0,-0.3154863,0.0
-0.055097383,0,-0.30165356,0.0
-0.06154758,0,0.0,0.0
-0.06396124,0,0.0,0.0
-0.057994567,0,0.0,0.0
-0.05703375,0,0.0,0.0
-0.07368905,0,0.0,0.0
-0.084572256,0,0.0,0.0
-0.071423456,0,0.0,0.0
-0.057727788,0,0.0,0.0
-0.05435699,0,0.008261351,0.0
-0.055567537,0,0.017429648,0.0
-0.04286796,0,0.048846357,0.0
-0.004989634,0,0.08872493,0.0
0.0046101906,0,0.13154376,0.0
0.015376325,0,0.07189191,0.0
0.0035795562,0,0.012673465,0.0
0.012873048,0,0.04496661,0.0
0.0023181357,0,0.051327553,0.0
0.0031513192,0,0.069963165,0.0
0.022756506,0,0.029346347,0.0
0.053037684,0,0.0,0.0
0.053759966,0,0.0,0.0
0.052425615,0,0.0,0.0
0.056031156,0,0.0,0.0
0.09651357,0,0.0,0.0
0.099245146,0,0.0,0.0
0.09768352,0,0.0,0.0
0.0765308,0,0.0,0.0
0.07960215,0,0.0,0.0
0.074382104,0,0.0,0.0
0.078961164,0,0.0,0.0
0.10274624,0,0.0,0.0
0.12829147,0,0.0,0.0
0.13266002,0,0.0,0.0
0.11741659,0,0.0,0.0
0.11312498,0,0.0,0.0
0.14407255,0,0.0,0.0
0.15420756,0,0.0,0.0
0.1467755,0,0.0,0.0
0.12050649,0,0.0,0.0
0.111091204,0,0.0,0.0
0.10659495,0,0.0,0.0
0.11196479,0,0.0,0.0
0.12000176,0,0.0,0.0
0.134631,0,0.0,0.0
0.1317096,0,0.0,0.0
0.12092047,0,0.0,0.0
0.118654326,0,0.0,0.0
0.1465723,0,0.0,0.0
0.16216365,0,-0.14768626,0.0
0.15381095,0,-0.21326551,0.0
0.12342863,0,-0.2923304,0.0
0.11153256,0,-0.29417276,0.0
0.11103069,0,-0.17948034,0.0
0.12186957,0,-0.14092827,0.0
0.13064282,0,-0.12931101,0.0
0.14621802,0,-0.100942574,0.0
0.1432554,0,-0.03510375,0.0
0.13502891,0,0.0,0.0
0.1345205,0,0.0,0.0
0.19182222,0,0.0,0.0
0.21018262,0,0.0,0.0
0.20095497,0,0.0,0.0
0.13611396,0,0.0,0.0
0.116962254,0,0.0,0.0
0.11311964,0,0.01401485,0.0
0.13469018,0,0.0,0.0
0.14270364,0,0.0,0.0
0.14566466,0,0.0,0.0
0.12020898,0,0.0,0.0
0.113629915,0,0.0,0.0
0.12741995,0,0.0,0.0
0.19224483,0,0.0,0.0
0.20930806,0,0.0,0.0
0.19800575,0,0.0,0.0
0.13709328,0,0.0,0.0
0.117558725,0,0.0,0.0
0.11338321,0,0.0,0.0
0.13826266,0,0.0,0.0
0.14504103,0,-0.013793334,0.0
0.14631271,0,-0.019663472,0.0
0.11149126,0,0.0,0.0
0.10540533,0,-0.011341345,0.0
0.114944465,0,0.0,0.0
0.17295356,0,0.0,0.0
0.19092047,0,0.0,0.0
0.19130954,0,0.0,0.0
0.14043242,0,0.0,0.0
0.11466119,0,0.0,0.0
0.08983182,0,0.0,0.0
0.11378646,0,-0.030902712,0.0
0.12118541,0,-0.046559375,0.0
0.12450675,0,0.0,0.0
0.09174568,0,0.0,0.0
0.08905192,0,0.0,0.0
0.09381923,0,0.0,0.0
0.13076374,0,0.0,0.0
0.13206314,0,0.0,0.0
0.13077244,0,0.0,0.0
0.08389084,0,0.0,0.0
0.051034145,0,0.0,0.0
0.018301522,0,0.0,0.0
0.035083197,0,0.0,0.0
0.042247035,0,-0.4744983,0.0
0.040997136,0,-0.51953775,0.0
0.009487992,0,-0.5323166,0.0
0.0037926324,0,-0.68084604,0.0
-0.0055575636,0,-0.6849689,0.0
0.014003607,0,-0.6942484,0.0
0.0021816231,0,-0.68344045,0.0
0.0024281752,0,-0.6866761,0.0
-0.037942838,0,-0.5709574,0.0
-0.06706625,0,-0.5250893,0.0
-0.09404162,-1,-0.51703644,0.016548700909785347
-0.09036379,-1,-0.55034834,0.0
-0.06492102,0,-0.58566535,0.0
-0.027883928,0,-0.5905805,0.0
-0.002559834,0,-0.640382,0.0
0.010310875,0,-0.6715835,0.0
-0.008744357,0,-0.71938694,0.0
0.009481249,0,-0.7243083,0.0
0.009471472,0,-0.69745564,0.0
0.02637569,0,-0.5764041,0.0
-0.012158945,0,-0.5706977,0.0
-0.052071173,0,-0.5480448,0.0
-0.091986425,-1,-0.56763256,0.0
-0.112219654,-1,-0.58742774,0.0
-0.0813674,0,-0.6034578,0.0
-0.018787289,0,-0.6234811,0.0
0.007948251,0,-0.6024128,0.0
-0.005122512,0,-0.64386964,0.0
-0.076384075,0,-0.4303776,0.0
-0.0733002,0,-0.40935192,0.0
-0.07709699,0,-0.41453105,0.0
-0.06954794,0,-0.44197616,0.0
-0.11110391,-1,-0.39121532,0.0
-0.14183284,-1,-0.43035376,0.0
-0.15923437,-1,-0.4220732,0.0
-0.17186534,-1,-0.46816307,0.0
-0.11753738,-1,-0.49512383,0.0
-0.019432556,0,-0.5221432,0.0
0.040062815,0,-0.49602473,0.0
0.024427054,0,-0.27327368,0.0
-0.07185969,0,-0.30622235,0.0
-0.059678305,0,-0.1764867,0.0
-0.061354782,0,-0.114569366,0.0
-0.024740098,0,-0.04610018,0.0
-0.0837678,0,-0.07164476,0.0
-0.11863173,-1,-0.04787651,0.002969944380240188
-0.15001313,-1,0.0,0.0
-0.13957277,-1,0.0,0.0
-0.014852163,0,0.0,0.0
0.13466999,0,0.0,0.0
0.2653733,0,0.0,0.0
0.25522637,0,-0.005294121,0.0
0.13725276,0,-0.023366755,0.0
0.11072031,0,-0.005618519,0.0
0.08229577,0,-0.020078192,0.0
0.12066056,0,0.0,0.0
0.041055452,0,0.0,0.0
0.0028190461,0,0.0,0.0
-0.015209234,0,0.0,0.0
-0.0047858357,0,0.0,0.0
0.0060511753,0,0.0,0.0
0.009055969,0,-0.064210735,0.0
0.004260457,0,-0.06431274,0.0
-0.0007611607,0,-0.12297077,0.0
-0.06753075,0,-0.14808278,0.0
-0.082914665,0,-0.06795041,0.0
-0.09444609,-1,-0.076483384,0.0
-0.095431775,-1,-0.15644716,0.0
-0.122765236,-1,-0.4363958,0.0
-0.1603843,-1,-0.47601882,0.0
-0.15927805,-1,-0.47763294,0.0
-0.13214964,-1,0.0,0.0
-0.10770797,-1,0.0,0.0
-0.06399075,0,0.0,0.0
-0.0628913,0,-0.47488636,0.0
-0.046379954,0,0.0,0.0
-0.09576119,-1,-0.40036657,0.0
-0.11425246,-1,-0.4842614,0.0
-0.14008631,-1,-0.44690493,0.023205090529908032
-0.16712551,-1,-0.5076962,0.0
-0.22028314,-1,-0.40909162,0.0
-0.25032362,-1,-0.44147465,0.0
-0.27903363,-1,-0.41963878,0.0
-0.22737221,-1,-0.43889046,0.0
-0.2216177,-1,-0.4291999,0.0
-0.14036286,-1,-0.4467237,0.0
-0.12705767,-1,-0.44613105,0.0
-0.0875313,0,-0.47175127,0.0
-0.08392119,0,-0.4597624,0.0
-0.09791174,-1,-0.45405638,0.0
-0.095214814,-1,-0.42231378,0.0
-0.092801094,-1,-0.39005753,0.0
-0.086293735,0,-0.46904653,0.0
-0.08235206,0,0.015190873,0.0
-0.07714036,0,0.0,0.0
-0.043700814,0,0.0,0.0
-0.038631607,0,0.0,0.0
-0.0072158133,0,-0.23485836,0.0
0.009670432,0,-0.20256051,0.0
0.033897974,0,-0.20827058,0.0
0.025244953,0,-0.20144111,0.0
-0.007112971,0,-0.20697466,0.0
-0.03670942,0,-0.1956077,0.0
-0.02748822,0,-0.22495237,0.0
-0.009370858,0,-0.26610243,0.0
0.0013852054,0,-0.261712,0.0
-0.0013981931,0,-0.27571985,0.0
-0.009407585,0,-0.5109949,0.0
-0.0051949923,0,-0.5694837,0.0
-0.0030307034,0,-0.5734103,0.0
0.02515036,0,-0.63382375,0.0
0.04096025,0,-0.6242635,0.0
0.037590005,0,-0.6267037,0.0
-0.0071134977,0,-0.63892287,0.0
-0.036775373,0,-0.6505769,0.0
-0.03911283,0,-0.6776272,0.0
-0.021659577,0,-0.62490547,0.0
-0.018759178,0,-0.6531699,0.0
-0.03860621,0,-0.7125858,0.0
-0.064183034,0,-0.6284954,0.0
-0.067974165,0,-0.6956088,0.0
-0.075155206,0,-0.67601085,0.0
-0.02671302,0,-0.6805085,0.0
-0.003973823,0,-0.6272148,0.0
0.024906876,0,-0.6241173,0.0
-0.01738722,0,-0.6377215,0.0
-0.032734267,0,-0.5551775,0.0
-0.021924641,0,-0.57677627,0.0
0.005443842,0,-0.58487415,0.0
0.014342976,0,-0.56694525,0.0
0.00532545,0,-0.5326706,0.0
0.001818217,0,-0.5369424,0.0
0.0015769344,0,-0.19424544,0.0
-0.0051618936,0,-0.21072872,0.0
0.022524552,0,-0.2688545,0.0
0.0460454,0,-0.2949847,0.0
0.07209033,0,-0.2596038,0.0
0.048989743,0,-0.30112106,0.0
0.028480807,0,-0.27173567,0.0
0.024801278,0,-0.26286355,0.0
0.032797024,0,-0.3032716,0.0
0.040348776,0,-0.2606793,0.0
0.05130837,0,-0.19006184,0.0
0.04948956,0,-0.16081427,0.0
0.04583576,0,-0.1815566,0.0
0.015757635,0,0.0,0.0
0.024274051,0,0.0,0.0
0.03167569,0,0.0,0.0
0.06952093,0,0.0,0.0
0.07988088,0,-0.013950627,0.0
0.08768107,0,0.0,0.0
0.07979151,0,0.0,0.0
0.082116395,0,0.0,0.0
0.083902605,0,0.0,0.0
0.07812124,0,0.0,0.0
0.06554322,0,0.0,0.0
0.053590644,0,0.0,0.0
0.037251487,0,0.0,0.0
0.036328986,0,0.0,0.0
0.03691602,0,0.0,0.0
0.060178734,0,0.05064104,0.0
0.06731398,0,0.015118069,0.0
0.07407655,0,0.0,0.0
0.07217226,0,0.0,0.0
0.06848402,0,0.0,0.0
0.06774504,0,0.0,0.0
0.05507306,0,0.0024116184,0.0
0.049399942,0,0.0,0.0
0.048513055,0,0.0,0.0
0.04872585,0,0.0,0.0
0.05245643,0,0.0,0.0
0.05459364,0,0.0,0.0
0.07535201,0,0.0,0.0
0.09088047,0,0.0,0.0
0.10637794,0,0.0,0.0
0.10225782,0,0.0,0.0
0.09359517,0,0.0,0.0
0.08599156,0,-0.33265296,0.0
0.09065709,0,-0.38490772,0.0
0.088607356,0,-0.38287073,0.0
0.09162481,0,-0.4218701,0.0
0.08384185,0,-0.4137623,0.0
0.08943409,0,-0.18526363,0.0
0.087649345,0,-0.16297874,0.0
0.11062654,0,-0.26621008,0.0
0.13451904,0,-0.23314293,0.0
0.15190275,0,-0.29048586,0.0
0.13492082,0,-0.36894983,0.0
0.10562207,0,-0.39517015,0.0
0.08741531,0,-0.40162018,0.0
0.092382796,0,-0.42442203,0.0
0.09171879,0,-0.46685904,0.0
0.087837465,0,-0.51916105,0.0
0.075683944,0,-0.5207361,0.0
0.08289845,0,-0.48714152,0.0
0.08647501,0,-0.52616763,0.0
0.11146499,0,-0.51954013,0.0
0.14436689,0,0.0,0.0
0.16662751,0,0.0,0.0
0.15315947,0,0.0,0.0
0.117433295,0,0.0,0.0
0.10191146,0,0.0,0.0
0.11102979,0,0.0,0.0
0.11455213,0,0.0,0.0
0.107147686,0,0.0,0.0
0.09191654,0,0.0,0.0
0.0922654,0,0.0,0.0
0.08891281,0,0.0,0.0
0.11139552,0,-0.002364725,0.0
0.12989303,0,-0.059740562,0.0
0.14529173,0,-0.11512321,0.0
0.124848224,0,-0.25107247,0.0
0.0986894,0,-0.27941576,0.0
0.08886312,0,-0.29078862,0.0
0.099291705,0,-0.296561,0.0
0.111925796,0,-0.24260409,0.0
0.10016719,0,-0.20878991,0.0
0.07995639,0,-0.230872,0.0
0.07002165,0,-0.23820706,0.0
0.0692955,0,-0.20775351,0.0
0.08766774,0,-0.119783945,0.0
0.09244705,0,-0.12264782,0.0
0.094985,0,-0.16028184,0.0
0.07997851,0,0.16888824,0.0
0.064913034,0,0.29738864,0.0
0.0600679,0,0.30887035,0.0
0.060025472,0,0.31243393,0.0
0.06037325,0,0.3332866,0.0
0.05203722,0,0.32839125,0.0
0.037686426,0,0.3315589,0.0
0.03640153,0,0.37585476,0.0
0.038448617,0,0.31053036,0.0
0.05031527,0,0.24781033,0.0
0.053514514,0,0.23425099,0.0
0.05557685,0,0.27657098,0.0
0.0526113,0,0.31382525,0.0
0.044627987,0,0.060068484,0.0
0.044865582,0,0.18508495,0.0
0.04233632,0,0.21201536,0.0
0.04160978,0,0.17905837,0.0
0.038633093,0,0.13821568,0.0
0.03589002,0,0.12817325,0.0
0.0422941,0,0.0,0.0
0.051377717,0,0.0,0.0
0.05224876,0,0.0,0.0
0.037970975,0,0.0,0.0
